0x059edd72cd353df5106d2b9cc5ab83a52287ac3a-0,chromie-squiggle-by-snowfro,5
0xa7d8d9ef8d8ce8992df33d8b8cf4aebabd5bd270-78,fidenza-by-tyler-hobbs,5
0xa7d8d9ef8d8ce8992df33d8b8cf4aebabd5bd270-13,ringers-by-dmitri-cherniak,5
0xa7d8d9ef8d8ce8992df33d8b8cf4aebabd5bd270-163,meridian-by-matt-deslauriers,5
0xa7d8d9ef8d8ce8992df33d8b8cf4aebabd5bd270-159,fragments-of-an-infinite-field-by-monica-rizzolli,5
0xa7d8d9ef8d8ce8992df33d8b8cf4aebabd5bd270-23,archetype-by-kjetil-golid,5
0xa7d8d9ef8d8ce8992df33d8b8cf4aebabd5bd270-215,gazers-by-matt-kane,5
0xa7d8d9ef8d8ce8992df33d8b8cf4aebabd5bd270-304,anticyclone-by-william-mapan,5
0xa7d8d9ef8d8ce8992df33d8b8cf4aebabd5bd270-22,the-eternal-pump-by-dmitri-cherniak,5
0xa7d8d9ef8d8ce8992df33d8b8cf4aebabd5bd270-138,geometry-runners-by-rich-lord-1,5
0xa7d8d9ef8d8ce8992df33d8b8cf4aebabd5bd270-143,phase-by-loren-bednar,5
0xa7d8d9ef8d8ce8992df33d8b8cf4aebabd5bd270-129,pigments-by-darien-brito,5
0xa7d8d9ef8d8ce8992df33d8b8cf4aebabd5bd270-173,skulptuur-by-piter-pasma,5
0xa7d8d9ef8d8ce8992df33d8b8cf4aebabd5bd270-53,subscapes-by-matt-deslauriers,5
0xa7d8d9ef8d8ce8992df33d8b8cf4aebabd5bd270-119,ecumenopolis-by-joshua-bagley,5
0xa7d8d9ef8d8ce8992df33d8b8cf4aebabd5bd270-204,edifice-by-ben-kovach,5
0xa7d8d9ef8d8ce8992df33d8b8cf4aebabd5bd270-8,singularity-by-hideki-tsukamoto,5
0xa7d8d9ef8d8ce8992df33d8b8cf4aebabd5bd270-121,rinascita-by-stefano-contiero,4
0xa7d8d9ef8d8ce8992df33d8b8cf4aebabd5bd270-100,century-by-casey-reas,4
0xa7d8d9ef8d8ce8992df33d8b8cf4aebabd5bd270-12,unigrids-by-zeblocks,4
0xa7d8d9ef8d8ce8992df33d8b8cf4aebabd5bd270-255,screens-by-thomas-lin-pedersen,5
0xa7d8d9ef8d8ce8992df33d8b8cf4aebabd5bd270-72,frammenti-by-stefano-contiero,4
0xa7d8d9ef8d8ce8992df33d8b8cf4aebabd5bd270-28,apparitions-by-aaron-penne,4
0xa7d8d9ef8d8ce8992df33d8b8cf4aebabd5bd270-64,algorhythms-by-han-x-nicolas-daniel,4
0xa7d8d9ef8d8ce8992df33d8b8cf4aebabd5bd270-282,memories-of-qilin-by-emily-xie,5
0x059edd72cd353df5106d2b9cc5ab83a52287ac3a-2,construction-token-by-jeff-davis,5
0xa7d8d9ef8d8ce8992df33d8b8cf4aebabd5bd270-98,sail-o-bots-by-sturec,3
0xa7d8d9ef8d8ce8992df33d8b8cf4aebabd5bd270-137,alien-insects-by-shvembldr,3
0xa7d8d9ef8d8ce8992df33d8b8cf4aebabd5bd270-131,scribbled-boundaries-by-william-tan,3
0xa7d8d9ef8d8ce8992df33d8b8cf4aebabd5bd270-7,elevated-deconstructions-by-luxpris,3
0xa7d8d9ef8d8ce8992df33d8b8cf4aebabd5bd270-145,beatboxes-by-zeblocks,3
0xa7d8d9ef8d8ce8992df33d8b8cf4aebabd5bd270-147,trossets-by-anna-carreras,3
0xa7d8d9ef8d8ce8992df33d8b8cf4aebabd5bd270-233,chimera-by-mpkoz,3
0xa7d8d9ef8d8ce8992df33d8b8cf4aebabd5bd270-141,rapture-by-thomas-lin-pedersen,3
0xa7d8d9ef8d8ce8992df33d8b8cf4aebabd5bd270-189,cryptocitizensofficial,3
0xa7d8d9ef8d8ce8992df33d8b8cf4aebabd5bd270-95,cryptocitizensofficial,3
0xa7d8d9ef8d8ce8992df33d8b8cf4aebabd5bd270-27,720-minutes-by-alexis-andre,3
0xa7d8d9ef8d8ce8992df33d8b8cf4aebabd5bd270-114,glitch-crystal-monsters-by-alida-sun,3
0xa7d8d9ef8d8ce8992df33d8b8cf4aebabd5bd270-118,lewitt-generator-generator-by-mitchell-f-chan,3
0xa7d8d9ef8d8ce8992df33d8b8cf4aebabd5bd270-74,the-blocks-of-art-by-shvembldr,3
0x059edd72cd353df5106d2b9cc5ab83a52287ac3a-1,genesis-by-dca,4
0xa7d8d9ef8d8ce8992df33d8b8cf4aebabd5bd270-89,dreams-by-joshua-bagley,3
0xa7d8d9ef8d8ce8992df33d8b8cf4aebabd5bd270-162,democracity-by-generative-artworks,3
0xa7d8d9ef8d8ce8992df33d8b8cf4aebabd5bd270-139,eccentrics-2-orbits-by-radix,3
0xa7d8d9ef8d8ce8992df33d8b8cf4aebabd5bd270-59,watercolor-dreams-by-numbersinmotion,3
0xa7d8d9ef8d8ce8992df33d8b8cf4aebabd5bd270-29,inspirals-by-radix,3
0xa7d8d9ef8d8ce8992df33d8b8cf4aebabd5bd270-40,algobots-by-stina-jones,3
0xa7d8d9ef8d8ce8992df33d8b8cf4aebabd5bd270-120,endless-nameless-by-rafael-rozendaal,3
0xa7d8d9ef8d8ce8992df33d8b8cf4aebabd5bd270-112,alien-clock-by-shvembldr,3
0xa7d8d9ef8d8ce8992df33d8b8cf4aebabd5bd270-35,aerial-view-by-dalenz,3
0xa7d8d9ef8d8ce8992df33d8b8cf4aebabd5bd270-37,paper-armada-by-kjetil-golid,3
0xa7d8d9ef8d8ce8992df33d8b8cf4aebabd5bd270-39,synapses-by-chaosconstruct,3
0xa7d8d9ef8d8ce8992df33d8b8cf4aebabd5bd270-4,dynamic-slices-by-pxlq-1,4
0xa7d8d9ef8d8ce8992df33d8b8cf4aebabd5bd270-334,running-moon-by-licia-he,4
0xa7d8d9ef8d8ce8992df33d8b8cf4aebabd5bd270-214,bent-by-ippsketch,4
0xa7d8d9ef8d8ce8992df33d8b8cf4aebabd5bd270-130,obicera-by-alexis-andre,3
0xa7d8d9ef8d8ce8992df33d8b8cf4aebabd5bd270-17,spectron-by-simon-de-mai,3
0xa7d8d9ef8d8ce8992df33d8b8cf4aebabd5bd270-225,vortex-by-jen-stark,3
0xa7d8d9ef8d8ce8992df33d8b8cf4aebabd5bd270-41,elementals-by-michael-connolly,3
0xa7d8d9ef8d8ce8992df33d8b8cf4aebabd5bd270-108,divisions-by-michael-connolly,3
0xa7d8d9ef8d8ce8992df33d8b8cf4aebabd5bd270-9,ignition-by-ge1doot,3
0xa7d8d9ef8d8ce8992df33d8b8cf4aebabd5bd270-10,nimbuds-by-bryan-brinkman,3
0xa7d8d9ef8d8ce8992df33d8b8cf4aebabd5bd270-62,bubble-blobby-by-jason-ting,3
0xa7d8d9ef8d8ce8992df33d8b8cf4aebabd5bd270-164,phototaxis-by-casey-reas,3
0xa7d8d9ef8d8ce8992df33d8b8cf4aebabd5bd270-172,rituals-venice-by-aaron-penne-x-boreta,3
0xa7d8d9ef8d8ce8992df33d8b8cf4aebabd5bd270-152,fake-internet-money-by-steve-pikelny,3
0xa7d8d9ef8d8ce8992df33d8b8cf4aebabd5bd270-21,27-bit-digital-by-kai,3
0xa7d8d9ef8d8ce8992df33d8b8cf4aebabd5bd270-103,octo-garden-by-rich-lord,3
0xa7d8d9ef8d8ce8992df33d8b8cf4aebabd5bd270-232,jiometory-no-compute-ziometori-ha-keisansaremasen,3
0xa7d8d9ef8d8ce8992df33d8b8cf4aebabd5bd270-134,wave-schematics-by-luxpris,3
0xa7d8d9ef8d8ce8992df33d8b8cf4aebabd5bd270-9,ignition-by-ge1doot,3
0xa7d8d9ef8d8ce8992df33d8b8cf4aebabd5bd270-73,catblocks-by-kristy-glas,3
0xa7d8d9ef8d8ce8992df33d8b8cf4aebabd5bd270-135,brushpops-by-matty-mariansky,3
0xa7d8d9ef8d8ce8992df33d8b8cf4aebabd5bd270-113,celestial-cyclones-by-hideo,3
0xa7d8d9ef8d8ce8992df33d8b8cf4aebabd5bd270-250,cosmic-reef-by-leo-villareal,3
0xa7d8d9ef8d8ce8992df33d8b8cf4aebabd5bd270-77,return-by-aaron-penne,3
0xa7d8d9ef8d8ce8992df33d8b8cf4aebabd5bd270-104,eccentrics-by-radix,3
0xa7d8d9ef8d8ce8992df33d8b8cf4aebabd5bd270-16,color-study-by-jeff-davis,3
0xa7d8d9ef8d8ce8992df33d8b8cf4aebabd5bd270-339,ieva-by-shvembldr,3
0xa7d8d9ef8d8ce8992df33d8b8cf4aebabd5bd270-206,asemica-by-emily-edelman-dima-ofman-andrew-badr,3
0xa7d8d9ef8d8ce8992df33d8b8cf4aebabd5bd270-228,incomplete-control-by-tyler-hobbs,3
0xa7d8d9ef8d8ce8992df33d8b8cf4aebabd5bd270-19,r3sonance-by-ge1doot,3
0xa7d8d9ef8d8ce8992df33d8b8cf4aebabd5bd270-328,sudfah-by-melissa-wiederrecht,3
0xa7d8d9ef8d8ce8992df33d8b8cf4aebabd5bd270-149,dot-matrix-gradient-study-by-jake-rockland,3
0xa7d8d9ef8d8ce8992df33d8b8cf4aebabd5bd270-333,alan-ki-aankhen-by-fahad-karim,3
0xa7d8d9ef8d8ce8992df33d8b8cf4aebabd5bd270-174,letters-to-my-future-self-by-ryan-struhl,3
0xa7d8d9ef8d8ce8992df33d8b8cf4aebabd5bd270-63,ode-to-roy-by-artplusbrad,3
0xa7d8d9ef8d8ce8992df33d8b8cf4aebabd5bd270-267,entretiempos-by-marcelo-soria-rodriguez,3
0xa7d8d9ef8d8ce8992df33d8b8cf4aebabd5bd270-25,pathfinders-by-luxpris,3
0xa7d8d9ef8d8ce8992df33d8b8cf4aebabd5bd270-209,autology-by-steganon,3
0xa7d8d9ef8d8ce8992df33d8b8cf4aebabd5bd270-68,messengers-by-alexis-andre,3
0xa7d8d9ef8d8ce8992df33d8b8cf4aebabd5bd270-32,light-beams-by-jason-ting,3
0xa7d8d9ef8d8ce8992df33d8b8cf4aebabd5bd270-109,speckled-summits-by-jake-rockland,3
0xa7d8d9ef8d8ce8992df33d8b8cf4aebabd5bd270-90,hashtractors-by-darien-brito,3
0xa7d8d9ef8d8ce8992df33d8b8cf4aebabd5bd270-65,traversals-by-loren-bednar,3
0xa7d8d9ef8d8ce8992df33d8b8cf4aebabd5bd270-57,rhythm-by-jeff-davis,3
0xa7d8d9ef8d8ce8992df33d8b8cf4aebabd5bd270-20,sentience-by-pxlq,3
0xa7d8d9ef8d8ce8992df33d8b8cf4aebabd5bd270-51,stipple-sunsets-by-jake-rockland,3
0xa7d8d9ef8d8ce8992df33d8b8cf4aebabd5bd270-321,fermented-fruit-by-cyberia,3
0xa7d8d9ef8d8ce8992df33d8b8cf4aebabd5bd270-309,colorspace-by-tabor-robak,3
0xa7d8d9ef8d8ce8992df33d8b8cf4aebabd5bd270-226,getijde-by-bart-simons,3
0xa7d8d9ef8d8ce8992df33d8b8cf4aebabd5bd270-14,cyber-cities-by-pxlq,3
0xa7d8d9ef8d8ce8992df33d8b8cf4aebabd5bd270-5,variant-plan-by-jeff-davis,3
0xa7d8d9ef8d8ce8992df33d8b8cf4aebabd5bd270-341,raster-by-itsgalo,3
0xbdde08bd57e5c9fd563ee7ac61618cb2ecdc0ce0-1,cryptocitizensofficial,4
0xd92e44ac213b9ebda0178e1523cc0ce177b7fa96-1,beeple-everydays,4
0x27787755137863bb7f2387ed34942543c9f24efe-1,factura-by-mathias-isaksen,4
0xaadc2d4261199ce24a4b0a57370c4fcf43bb60aa-1,thecurrency,5
0xc143bbfcdbdbed6d454803804752a064a622c1f3-1,grifters-by-xcopy,4
0x892848074ddea461a15f337250da3ce55580ca85-1,cyberbrokers,4
0x8a90cab2b38dba80c64b7734e58ee1db38b8992e-1,doodles-official,4
0x7bd29408f11d2bfc23c34f18275bbf23bb716bc7-1,meebits,4
0x466cfcd0525189b573e794f554b8a751279213ac-1,the-dooplicator,3
0xb396b8699f728735f28a31279d07b1d0d2411baa-1,hackatao,3
0xecf7ef42b57ee37a959bf507183c5dd6bf182081-1,josie,3
0x670d4dd2e6badfbbd372d0d37e06cd2852754a04-1,super-cool-world,3
0x64780ce53f6e966e18a22af13a2f97369580ec11-1,petro-national-by-john-gerrard,3
0x620b70123fb810f6c653da7644b5dd0b6312e4d8-1,space-doodles-official,3
0xd78afb925a21f87fa0e35abae2aead3f70ced96b-1,grails,3